TRADEDATE,close,ret
2019-01-03,2375.6,
2019-01-04,2406.5,0.013007240276140752
2019-01-08,2389.69,-0.006985248285892309
2019-01-09,2414.13,0.010227267971996357
2019-01-10,2434.15,0.008292842556117508
2019-01-11,2444.45,0.004231456565946923
2019-01-14,2440.15,-0.0017590869111659968
2019-01-15,2439.55,-0.00024588652336943184
2019-01-16,2434.6,-0.002029062736980336
2019-01-17,2447.64,0.005356115994413768
2019-01-18,2473.61,0.010610220457256903
2019-01-21,2468.25,-0.002166873516843859
2019-01-22,2468.73,0.00019446976602854882
2019-01-23,2491.49,0.009219315194452182
2019-01-24,2482.71,-0.003523995681299019
2019-01-25,2498.23,0.00625123353110113
2019-01-28,2476.81,-0.00857407044187286
2019-01-29,2498.35,0.008696670313831145
2019-01-30,2511.86,0.005407568995537071
2019-01-31,2521.1,0.0036785489637161106
2019-02-01,2521.7,0.00023799135298085972
2019-02-04,2523.52,0.0007217353372725999
2019-02-05,2547.27,0.009411457012427071
2019-02-06,2539.73,-0.0029600317202338466
2019-02-07,2509.89,-0.011749280435321974
2019-02-08,2502.82,-0.002816856515624022
2019-02-11,2510.22,0.0029566648820129604
2019-02-12,2533.32,0.009202380667830079
2019-02-13,2485.76,-0.018773783019910617
2019-02-14,2460.82,-0.01003314881565398
2019-02-15,2490.16,0.011922854983298148
2019-02-18,2472.41,-0.007128056028528285
2019-02-19,2458.55,-0.0056058663409385145
2019-02-20,2487.82,0.011905391389233522
2019-02-21,2470.23,-0.0070704472188503065
2019-02-22,2488.63,0.007448699108989931
2019-02-25,2494.63,0.0024109650691344076
2019-02-26,2494.02,-0.0002445252402160092
2019-02-27,2490.65,-0.0013512321472962663
2019-02-28,2485.27,-0.0021600786943167805
2019-03-01,2478.01,-0.002921211779806532
2019-03-04,2473.79,-0.0017029794068628146
2019-03-05,2466.23,-0.0030560395183099054
2019-03-06,2494.04,0.011276320537825013
2019-03-07,2476.64,-0.006976632291382678
2019-03-11,2465.94,-0.00432036953291548
2019-03-12,2468.25,0.0009367624516412043
2019-03-13,2470.61,0.0009561430163071982
2019-03-14,2457.79,-0.005189001906411805
2019-03-15,2476.73,0.007706109960574414
2019-03-18,2483.7,0.002814194522616331
2019-03-19,2493.28,0.003857148608930272
2019-03-20,2504.23,0.004391805172303087
2019-03-21,2507.81,0.0014295811486964016
2019-03-22,2492.7,-0.006025177345971189
2019-03-25,2497.59,0.001961728246479888
2019-03-26,2512.63,0.00602180502003935
2019-03-27,2487.48,-0.010009432347779068
2019-03-28,2492.4,0.00197790534999287
2019-03-29,2497.1,0.0018857326271866093
2019-04-01,2521.25,0.009671218613591881
2019-04-02,2527.77,0.002586018839861204
2019-04-03,2532.32,0.0018000055384785885
2019-04-04,2535.5,0.0012557654640803495
2019-04-05,2540.99,0.0021652534016958214
2019-04-08,2560.07,0.007508884332484644
2019-04-09,2570.28,0.0039881721984165175
2019-04-10,2578.58,0.003229220162783708
2019-04-11,2551.45,-0.010521294666056558
2019-04-12,2559.72,0.0032412941660624472
2019-04-15,2545.12,-0.00570374884753011
2019-04-16,2559.84,0.005783617275413544
2019-04-17,2568.26,0.0032892680792548923
2019-04-18,2560.8,-0.002904690335090665
2019-04-19,2563.9,0.0012105592002498167
2019-04-22,2584.74,0.008128242131128172
2019-04-23,2587.48,0.0010600679372008148
2019-04-24,2579.05,-0.0032579961970720106
2019-04-25,2560.94,-0.007021965452395307
2019-04-26,2563.72,0.0010855389036836804
2019-04-29,2569.83,0.0023832555817329126
2019-04-30,2559.32,-0.004089764692606024
2019-05-02,2575.22,0.00621258771861255
2019-05-03,2580.95,0.0022250526168638984
2019-05-06,2579.75,-0.0004649450783625886
2019-05-07,2565.1,-0.005678844849307141
2019-05-08,2544.43,-0.008058165373669657
2019-05-10,2514.87,-0.011617533199970165
2019-05-13,2508.87,-0.00238580920683773
2019-05-14,2562.33,0.021308397804589374
2019-05-15,2554.49,-0.003059715181104705
2019-05-16,2581.11,0.010420866787499872
2019-05-17,2577.48,-0.001406371677301621
2019-05-20,2571.65,-0.0022618992193925713
2019-05-21,2616.53,0.017451830536814983
2019-05-22,2638.71,0.008476875862306166
2019-05-23,2618.61,-0.0076173584819855256
2019-05-24,2619.24,0.00024058565422091505
2019-05-27,2632.95,0.00523434278645718
2019-05-28,2609.78,-0.008800015192084731
2019-05-29,2641.15,0.012020170282552423
2019-05-30,2659.52,0.006955303560948867
2019-05-31,2665.33,0.0021846047407050317
2019-06-03,2729.93,0.024237148870871472
2019-06-04,2706.29,-0.008659562699409817
2019-06-05,2701.84,-0.0016443174973856944
2019-06-06,2728.25,0.009774820122583128
2019-06-07,2729.61,0.0004984880417850945
2019-06-10,2742.59,0.004755258077161262
2019-06-11,2751.75,0.0033399086265171185
2019-06-13,2758.36,0.002402107749613913
2019-06-14,2739.28,-0.006917153671021858
2019-06-17,2734.31,-0.0018143453754272398
2019-06-18,2761.69,0.010013495177942477
2019-06-19,2759.12,-0.0009305896027432814
2019-06-20,2780.2,0.007640117138797864
2019-06-21,2761.23,-0.006823250125890135
2019-06-24,2762.65,0.0005142635709447507
2019-06-25,2753.96,-0.003145530559426679
2019-06-26,2775.14,0.007690743511161946
2019-06-27,2779.66,0.0016287466578261967
2019-06-28,2765.85,-0.00496823352496345
2019-07-01,2801.47,0.012878500280203209
2019-07-02,2809.81,0.0029770084991094237
2019-07-03,2823.95,0.005032368736676007
2019-07-04,2842.78,0.006667965084367733
2019-07-05,2835.35,-0.0026136387620570023
2019-07-08,2822.55,-0.004514433844146182
2019-07-09,2822.66,3.897185169421391e-05
2019-07-10,2822.75,3.1884817866867365e-05
2019-07-11,2789.66,-0.011722610929058574
2019-07-12,2777.58,-0.004330276807926414
2019-07-15,2756.44,-0.007610941899063195
2019-07-16,2755.88,-0.0002031605984530449
2019-07-17,2713.17,-0.015497772036518254
2019-07-18,2702.59,-0.003899497635607041
2019-07-19,2700.57,-0.0007474311678796752
2019-07-22,2684.25,-0.006043168664393139
2019-07-23,2701.06,0.006262456924652993
2019-07-24,2682.91,-0.006719584163254466
2019-07-25,2701.02,0.006750133250835955
2019-07-26,2715.68,0.005427579210816491
2019-07-29,2728.27,0.00463603959229375
2019-07-30,2734.68,0.002349474208930946
2019-07-31,2739.5,0.0017625462576975615
2019-08-01,2729.42,-0.003679503559043562
2019-08-02,2674.9,-0.019974939730785235
2019-08-05,2649.16,-0.00962278963699581
2019-08-06,2683.35,0.012905977743888686
2019-08-07,2674.98,-0.0031192352842528415
2019-08-08,2696.69,0.008115948530456274
2019-08-09,2679.71,-0.00629660806395993
2019-08-12,2689.93,0.003813845528060744
2019-08-13,2680.12,-0.003646935050354405
2019-08-14,2637.04,-0.016073907138486332
2019-08-15,2625.58,-0.004345781633953272
2019-08-16,2615.2,-0.003953412198447581
2019-08-19,2648.09,0.012576475986540325
2019-08-20,2672.84,0.00934635907389847
2019-08-21,2673.95,0.0004152886068748973
2019-08-22,2675.13,0.0004412947138130452
2019-08-23,2660.74,-0.005379177834348381
2019-08-26,2658.24,-0.0009395882348519624
2019-08-27,2659.35,0.0004175695196821927
2019-08-28,2677.31,0.006753529997931773
2019-08-29,2714.25,0.013797431003507166
2019-08-30,2740.04,0.00950170396978911
2019-09-02,2773.01,0.012032671055897115
2019-09-03,2774.2,0.000429136570008648
2019-09-04,2793.36,0.006906495566289417
2019-09-05,2807.06,0.004904487785319489
2019-09-06,2797.55,-0.003387886258220285
2019-09-09,2786.63,-0.003903415488552553
2019-09-10,2787.52,0.00031938219282778846
2019-09-11,2817.05,0.010593645964872112
2019-09-12,2799.99,-0.006055980547026274
2019-09-13,2791.74,-0.0029464390944253793
2019-09-16,2834.32,0.015252136660290905
2019-09-17,2820.86,-0.004748934488695733
2019-09-18,2818.6,-0.0008011741100232284
2019-09-19,2794.77,-0.008454551905201169
2019-09-20,2796.41,0.0005868103636434974
2019-09-23,2785.46,-0.0039157348171404704
2019-09-24,2754.53,-0.01110409052723782
2019-09-25,2760.29,0.00209110084115971
2019-09-26,2772.7,0.004495904415840357
2019-09-27,2757.98,-0.005308904677750803
2019-09-30,2747.18,-0.0039159094699744434
2019-10-01,2758.83,0.004240712294061533
2019-10-02,2719.39,-0.014295915297426798
2019-10-03,2707.47,-0.004383335968728308
2019-10-04,2692.55,-0.005510679712055766
2019-10-07,2719.22,0.0099051085402313
2019-10-08,2707.89,-0.004166636020623504
2019-10-09,2713.02,0.0018944639553306608
2019-10-10,2721.51,0.003129354004025142
2019-10-11,2708.07,-0.004938434912971079
2019-10-14,2697.46,-0.003917919403855885
2019-10-15,2715.26,0.006598800352924705
2019-10-16,2744.35,0.010713522830226196
2019-10-17,2748.64,0.0015632116894710446
2019-10-18,2752.91,0.0015534955468885503
2019-10-21,2761.15,0.00299319629047079
2019-10-22,2802.23,0.014877858863154847
2019-10-23,2821.58,0.006905214775375201
2019-10-24,2877.05,0.019659198037978776
2019-10-25,2873.41,-0.0012651848247338116
2019-10-28,2856.91,-0.005742306179765455
2019-10-29,2886.48,0.010350343552999686
2019-10-30,2911.15,0.008546742052603973
2019-10-31,2893.98,-0.005898012812805997
2019-11-01,2930.4,0.012584744884208021
2019-11-05,2949.55,0.006534944034944035
2019-11-06,2980.84,0.010608397891203714
2019-11-07,3008.54,0.00929268259953564
2019-11-08,2973.19,-0.011749885326437393
2019-11-11,2961.46,-0.0039452574507515825
2019-11-12,2951.16,-0.0034780142227145427
2019-11-13,2933.89,-0.005851936187804108
2019-11-14,2922.45,-0.0038992600267904187
2019-11-15,2934.82,0.004232749918732681
2019-11-18,2924.48,-0.00352321437089842
2019-11-19,2941.69,0.005884806871649051
2019-11-20,2936.47,-0.0017744901740156527
2019-11-21,2942.6,0.0020875404822797705
2019-11-22,2947.68,0.001726364439611272
2019-11-25,2955.32,0.0025918688595778505
2019-11-26,2930.62,-0.008357808968233682
2019-11-27,2929.05,-0.0005357228163322958
2019-11-28,2927.57,-0.0005052832829757214
2019-11-29,2935.37,0.00266432570356967
2019-12-02,2921.18,-0.004834143566228466
2019-12-03,2883.48,-0.012905743569379458
2019-12-04,2900.66,0.005958078433004443
2019-12-05,2899.29,-0.0004723063027034513
2019-12-06,2928.76,0.010164557529602103
2019-12-09,2945.03,0.0055552520520629756
2019-12-10,2932.4,-0.0042885811010414665
2019-12-11,2954.4,0.007502387123175636
2019-12-12,2982.86,0.00963308962902798
2019-12-13,2996.63,0.0046163748885297284
2019-12-16,3006.16,0.003180239135295304
2019-12-17,3013.29,0.00237179657769393
2019-12-18,3023.92,0.003527705597536235
2019-12-19,3008.39,-0.005135717876134316
2019-12-20,3015.93,0.0025063239806009108
2019-12-23,3033.81,0.005928519561130496
2019-12-24,3030.59,-0.0010613716745609958
2019-12-25,3030.84,8.249218798983549e-05
2019-12-26,3031.67,0.00027385147351877137
2019-12-27,3050.47,0.006201202637490244
2019-12-30,3045.87,-0.0015079643464777082
2020-01-03,3076.37,0.010013559344292489
2020-01-06,3078.87,0.0008126460731316953
2020-01-08,3110.06,0.010130340027347806
2020-01-09,3118.08,0.002578728384661444
2020-01-10,3123.66,0.0017895628078816728
2020-01-13,3151.69,0.008973447814422997
2020-01-14,3129.77,-0.006954998746704133
2020-01-15,3132.63,0.0009138051677919368
2020-01-16,3157.23,0.00785282653872299
2020-01-17,3196.88,0.012558476892719383
2020-01-20,3219.92,0.00720702685117991
2020-01-21,3209.22,-0.0033230639270541706
2020-01-22,3174.62,-0.010781435987560761
2020-01-23,3141.2,-0.01052724420560569
2020-01-24,3146.2,0.001591748376416735
2020-01-27,3085.16,-0.019401182378742554
2020-01-28,3113.1,0.009056256401613005
2020-01-29,3128.8,0.0050432045228230304
2020-01-30,3108.58,-0.0064625415494758975
2020-01-31,3076.65,-0.010271570942359531
2020-02-03,3070.84,-0.001888417597061709
2020-02-04,3097.6,0.008714228028812832
2020-02-05,3114.25,0.005375129132231482
2020-02-06,3096.68,-0.0056418078188970044
2020-02-07,3087.63,-0.0029224847255769903
2020-02-10,3062.41,-0.008168077133594465
2020-02-11,3097.58,0.011484419133950041
2020-02-12,3122.27,0.007970738447433234
2020-02-13,3110.05,-0.003913819112376538
2020-02-14,3096.88,-0.004234658606774855
2020-02-17,3110.06,0.004255896256877945
2020-02-18,3074.05,-0.011578554754570591
2020-02-19,3114.57,0.013181308046388285
2020-02-20,3125.1,0.003380884038566956
2020-02-21,3106.03,-0.006102204729448557
2020-02-25,3002.68,-0.033273986407085676
2020-02-26,3017.42,0.0049089480064477
2020-02-27,2915.84,-0.03366452134605058
2020-02-28,2785.08,-0.04484471027216863
2020-03-02,2765.77,-0.006933373547618027
2020-03-03,2821.37,0.02010290081966315
2020-03-04,2828.01,0.002353466578293606
2020-03-05,2816.7,-0.003999278644700843
2020-03-06,2719.51,-0.03450491710157266
2020-03-10,2498.94,-0.08110652286625164
2020-03-11,2492.88,-0.0024250282119618882
2020-03-12,2286.4,-0.082827893841661
2020-03-13,2316.38,0.013112316305108562
2020-03-16,2266.9,-0.021360916602629954
2020-03-17,2224.74,-0.018598085491199567
2020-03-18,2112.64,-0.05038791049740643
2020-03-19,2275.7,0.07718305059073005
2020-03-20,2331.61,0.024568264709759813
2020-03-23,2253.35,-0.033564789994896316
2020-03-24,2415.97,0.07216810526549344
2020-03-25,2452.69,0.015198864224307496
2020-03-26,2489.97,0.015199637948537958
2020-03-27,2401.11,-0.03568717695393908
2020-03-30,2433.35,0.013427123288812126
2020-03-31,2508.81,0.031010746501736408
2020-04-01,2473.61,-0.014030556319529874
2020-04-02,2545.95,0.029244707128447844
2020-04-03,2572.23,0.010322276556884447
2020-04-06,2622.59,0.019578342527690085
2020-04-07,2634.74,0.004632824802961899
2020-04-08,2670.12,0.013428269962121542
2020-04-09,2701.77,0.01185339984719791
2020-04-10,2677.86,-0.008849754050122671
2020-04-13,2628.85,-0.018301927658652906
2020-04-14,2631.83,0.0011335755178119022
2020-04-15,2498.94,-0.05049338293126826
2020-04-16,2515.05,0.006446733414968042
2020-04-17,2534.97,0.007920319675553067
2020-04-20,2525.97,-0.0035503378738209745
2020-04-21,2488.02,-0.015023931400610424
2020-04-22,2573.41,0.034320463661867695
2020-04-23,2599.41,0.010103325937180552
2020-04-24,2562.03,-0.01438018627303872
2020-04-27,2570.91,0.003466001569068178
2020-04-28,2612.24,0.016076019775099093
2020-04-29,2663.14,0.019485192784736594
2020-04-30,2650.56,-0.0047237471556133
2020-05-04,2624.64,-0.009779065555957978
2020-05-05,2653.51,0.01099960375518183
2020-05-06,2632.1,-0.008068558249262447
2020-05-07,2634.0,0.0007218570722997697
2020-05-08,2641.55,0.0028663629460896622
2020-05-12,2642.04,0.0001854971512935677
2020-05-13,2604.98,-0.01402703971173791
2020-05-14,2590.31,-0.005631521163310338
2020-05-15,2593.91,0.001389795043836406
2020-05-18,2694.25,0.03868291498163012
2020-05-19,2711.72,0.0064841792706689105
2020-05-20,2770.79,0.02178322245659592
2020-05-21,2718.67,-0.01881051974346659
2020-05-22,2709.38,-0.0034171120437567204
2020-05-25,2757.93,0.01791922875344154
2020-05-26,2754.04,-0.0014104781484663986
2020-05-27,2741.02,-0.004727600180099101
2020-05-28,2779.98,0.01421368687568858
2020-05-29,2734.83,-0.01624112403686362
2020-06-01,2750.24,0.005634719525527965
2020-06-02,2796.51,0.01682398627028925
2020-06-03,2831.08,0.012361836717909025
2020-06-04,2766.26,-0.02289585599841748
2020-06-05,2792.74,0.00957249137825067
2020-06-08,2796.3,0.001274733773999781
2020-06-09,2795.9,-0.0001430461681507511
2020-06-10,2785.18,-0.003834185772023435
2020-06-11,2743.8,-0.014857208510760445
2020-06-15,2719.06,-0.009016692178730357
2020-06-16,2748.3,0.010753716357859044
2020-06-17,2740.1,-0.0029836626278063605
2020-06-18,2724.33,-0.0057552644064085
2020-06-19,2758.67,0.012604934057180994
2020-06-22,2763.29,0.001674720064378743
2020-06-23,2791.97,0.010378932359614845
2020-06-25,2760.75,-0.011182068575235293
2020-06-26,2761.74,0.0003585982070088978
2020-06-29,2767.95,0.0022485824154336864
2020-06-30,2743.2,-0.008941635506421686
2020-07-02,2788.79,0.016619276757072088
2020-07-03,2801.66,0.004614904671918607
2020-07-06,2835.18,0.011964335429709427
2020-07-07,2825.21,-0.0035165315782418327
2020-07-08,2815.83,-0.003320107177873566
2020-07-09,2782.43,-0.011861511525908863
2020-07-10,2800.94,0.006652458462566901
2020-07-13,2766.79,-0.012192335430248447
2020-07-14,2744.54,-0.008041810184365228
2020-07-15,2747.91,0.0012278924701407679
2020-07-16,2760.01,0.004403346543373043
2020-07-17,2774.79,0.005355053061401938
2020-07-20,2802.24,0.009892640524147733
2020-07-21,2825.71,0.008375442503140373
2020-07-22,2834.65,0.003163806618513565
2020-07-23,2851.79,0.006046601873247015
2020-07-24,2863.12,0.003972943309289878
2020-07-27,2884.88,0.007600100589566727
2020-07-28,2895.45,0.0036639305621029017
2020-07-29,2918.42,0.007933136472741742
2020-07-30,2882.63,-0.012263485036423827
2020-07-31,2911.57,0.01003944314740357
2020-08-03,2929.97,0.006319614503515147
2020-08-04,2940.46,0.0035802414359191737
2020-08-05,2992.78,0.01779313440754171
2020-08-06,2988.5,-0.0014301084610296444
2020-08-07,2972.35,-0.00540404885394008
2020-08-10,2960.78,-0.0038925429374063736
2020-08-11,3005.63,0.015148035315018404
2020-08-12,3053.99,0.016089804799659158
2020-08-13,3080.44,0.008660801115917272
2020-08-14,3061.99,-0.005989404111101049
2020-08-17,3052.46,-0.003112355037083625
2020-08-18,3050.7,-0.0005765841321426768
2020-08-19,3056.54,0.0019143147474349753
2020-08-20,2993.69,-0.02056246605639056
2020-08-21,2995.61,0.000641348970668254
2020-08-24,3029.42,0.011286515934984864
2020-08-25,3029.05,-0.00012213559031093446
2020-08-26,3051.97,0.007566728842376191
2020-08-27,3012.01,-0.01309318243626234
2020-08-28,2980.17,-0.010571014040458127
2020-08-31,2966.2,-0.004687652046695412
2020-09-01,2975.0,0.00296675881599362
2020-09-02,2956.5,-0.0062184873949580055
2020-09-03,2931.92,-0.008313884660916648
2020-09-04,2921.55,-0.0035369314305983
2020-09-07,2932.29,0.003676130820968293
2020-09-08,2888.79,-0.01483482193098229
2020-09-09,2876.07,-0.004403227648946406
2020-09-10,2897.55,0.007468524757742401
2020-09-11,2910.51,0.00447274421494015
2020-09-14,2928.38,0.006139817420314664
2020-09-15,2980.58,0.017825555426549844
2020-09-16,2975.01,-0.0018687637976499971
2020-09-17,2971.74,-0.0010991559692238306
2020-09-18,2951.79,-0.006713238708635272
2020-09-21,2863.67,-0.02985307220364586
2020-09-22,2884.66,0.00732975517430412
2020-09-23,2916.39,0.010999563206755658
2020-09-24,2912.76,-0.0012446894962606647
2020-09-25,2896.83,-0.005469039673711595
2020-09-28,2927.17,0.010473517603725613
2020-09-29,2910.12,-0.005824738570018195
2020-09-30,2905.81,-0.0014810385826014016
2020-10-01,2889.8,-0.005509651353667211
2020-10-02,2852.42,-0.012935151221537877
2020-10-05,2881.98,0.010363130254310349
2020-10-06,2892.99,0.0038202902171422526
2020-10-07,2842.58,-0.017424878758654505
2020-10-08,2846.39,0.0013403316705247192
2020-10-09,2834.09,-0.004321263073577275
2020-10-12,2846.14,0.004251805694243993
2020-10-13,2829.23,-0.005941380255363393
2020-10-14,2856.08,0.009490214652043027
2020-10-15,2817.29,-0.013581552337469494
2020-10-16,2799.54,-0.006300380862459987
2020-10-19,2794.27,-0.0018824521171335595
2020-10-20,2803.06,0.003145723212144791
2020-10-21,2786.23,-0.006004152604653479
2020-10-22,2803.17,0.006079900080036449
2020-10-23,2816.7,0.004826678367705117
2020-10-26,2785.59,-0.011044839706038867
2020-10-27,2763.03,-0.008098822870558853
2020-10-28,2693.46,-0.025178879708146584
2020-10-29,2709.04,0.005784381427606178
2020-10-30,2690.59,-0.006810530667690329
2020-11-02,2737.54,0.017449704339940197
2020-11-03,2786.42,0.01785544686105056
2020-11-05,2861.39,0.026905491634426904
2020-11-06,2895.62,0.011962717420554325
2020-11-09,2987.75,0.031817020189113254
2020-11-10,2998.61,0.0036348422726131258
2020-11-11,3015.03,0.005475870486658874
2020-11-12,3025.83,0.003582053909911176
2020-11-13,3025.22,-0.00020159757818516422
2020-11-16,3079.74,0.018021829817335577
2020-11-17,3052.22,-0.00893581925746978
2020-11-18,3080.68,0.009324360629312523
2020-11-19,3046.49,-0.011098199098900308
2020-11-20,3051.04,0.001493522053248153
2020-11-23,3047.06,-0.0013044732288006733
2020-11-24,3095.84,0.016008874127847905
2020-11-25,3134.52,0.012494185746033226
2020-11-26,3138.62,0.0013080152623048402
2020-11-27,3142.68,0.0012935621387744067
2020-11-30,3107.58,-0.011168811333002404
2020-12-01,3147.79,0.012939328995552835
2020-12-02,3189.61,0.013285511422299612
2020-12-03,3162.67,-0.008446173670135226
2020-12-04,3184.72,0.006971957238662174
2020-12-07,3195.08,0.0032530332336908607
2020-12-08,3179.61,-0.004841819297169314
2020-12-09,3211.66,0.01007985256053412
2020-12-10,3258.31,0.01452519880684755
2020-12-11,3276.58,0.005607201279190788
2020-12-14,3254.83,-0.006638018909960963
2020-12-15,3248.11,-0.002064623958854983
2020-12-16,3269.95,0.006723910212400375
2020-12-17,3282.67,0.0038899677365098473
2020-12-18,3273.75,-0.0027173002464457863
2020-12-21,3186.38,-0.026688048873615866
2020-12-22,3236.46,0.015716895034490586
2020-12-23,3252.1,0.004832440382393166
2020-12-24,3236.88,-0.004680052888902497
2020-12-25,3246.35,0.002925656805318644
2020-12-28,3258.95,0.0038812820552311944
2020-12-29,3274.67,0.0048236395157950085
2020-12-30,3289.02,0.004382120946538004
2021-01-04,3350.51,0.01869553848866845
2021-01-05,3359.15,0.0025787118975917345
2021-01-06,3371.03,0.0035366089635771036
2021-01-08,3454.82,0.024855904575159515
2021-01-11,3482.48,0.008006205822589818
2021-01-12,3471.65,-0.00310985274861586
2021-01-13,3470.26,-0.00040038598361002986
2021-01-14,3490.85,0.005933273011244022
2021-01-15,3450.95,-0.01142988097454778
2021-01-18,3471.92,0.006076587606311357
2021-01-19,3443.23,-0.008263439249752369
2021-01-20,3466.8,0.006845316752003283
2021-01-21,3422.67,-0.012729318103149923
2021-01-22,3382.92,-0.011613740150233642
2021-01-25,3397.48,0.004303974081562689
2021-01-26,3390.76,-0.0019779365882948152
2021-01-27,3343.62,-0.013902487937807573
2021-01-28,3342.01,-0.00048151404764884553
2021-01-29,3277.08,-0.01942842780243037
2021-02-01,3291.14,0.004290404872630438
2021-02-02,3360.25,0.020998802846430076
2021-02-03,3343.46,-0.004996652034818805
2021-02-04,3372.0,0.00853606742715618
2021-02-05,3392.73,0.00614768683274014
2021-02-08,3445.9,0.015671745172766594
2021-02-09,3426.86,-0.005525407005426697
2021-02-10,3399.66,-0.007937295366603925
2021-02-11,3414.32,0.004312195925475049
2021-02-12,3427.08,0.0037372009653457994
2021-02-15,3481.9,0.01599612498103342
2021-02-16,3495.26,0.0038369855538642472
2021-02-17,3436.8,-0.016725508259757493
2021-02-18,3400.17,-0.010658170391061539
2021-02-19,3457.68,0.016913860189343488
2021-02-20,3446.32,-0.0032854399481732077
2021-02-22,3433.93,-0.003595139162933303
2021-02-24,3385.48,-0.014109198498513331
2021-02-25,3409.76,0.007171804293630402
2021-02-26,3346.64,-0.01851156679649013
2021-03-01,3386.16,0.011808859034733388
2021-03-02,3410.1,0.007069955347650536
2021-03-03,3416.04,0.0017418844022170088
2021-03-04,3397.56,-0.005409772719288997
2021-03-05,3414.13,0.004877029397567734
2021-03-09,3478.72,0.018918436029090824
2021-03-10,3463.06,-0.0045016557814367975
2021-03-11,3508.51,0.013124231171276257
2021-03-12,3539.5,0.008832809369219374
2021-03-15,3584.49,0.012710834863681297
2021-03-16,3589.83,0.0014897516801553046
2021-03-17,3507.91,-0.02282002211803902
2021-03-18,3504.85,-0.0008723142840038056
2021-03-19,3475.26,-0.008442586701285282
2021-03-22,3489.07,0.003973803398882314
2021-03-23,3467.21,-0.006265279859676065
2021-03-24,3485.33,0.005226103985625397
2021-03-25,3439.3,-0.013206783862647065
2021-03-26,3489.83,0.01469194312796196
2021-03-29,3529.33,0.011318602911889686
2021-03-30,3525.23,-0.0011616935792345684
2021-03-31,3541.72,0.004677708972180561
2021-04-01,3527.54,-0.004003704414804021
2021-04-02,3558.22,0.008697279123695223
2021-04-05,3524.93,-0.009355801496253702
2021-04-06,3493.89,-0.008805848626781243
2021-04-07,3500.34,0.0018460798708603843
2021-04-08,3507.83,0.0021397921344783466
2021-04-09,3486.03,-0.006214668327712447
2021-04-12,3522.65,0.010504786246819497
2021-04-13,3526.3,0.0010361517607482273
2021-04-14,3576.89,0.014346482148427375
2021-04-15,3568.51,-0.002342817363687355
2021-04-16,3598.44,0.008387254064021077
2021-04-19,3574.08,-0.006769600160069444
2021-04-20,3552.41,-0.006063098755483942
2021-04-21,3561.72,0.0026207560501181337
2021-04-22,3600.35,0.010845883449569271
2021-04-23,3597.17,-0.0008832474620522612
2021-04-26,3610.98,0.003839129093148319
2021-04-27,3600.6,-0.002874565907316051
2021-04-28,3578.12,-0.006243403877131626
2021-04-29,3571.05,-0.00197589795758657
2021-04-30,3544.0,-0.007574802929110502
2021-05-04,3577.21,0.009370767494356613
2021-05-05,3643.56,0.018547974538816625
2021-05-06,3658.27,0.004037260261941622
2021-05-07,3682.69,0.006675286405869452
2021-05-10,3694.78,0.003282926339170489
2021-05-11,3652.05,-0.01156496462576928
2021-05-12,3654.14,0.000572281321449486
2021-05-13,3637.38,-0.004586578510949124
2021-05-14,3637.6,6.048309497486137e-05
2021-05-17,3639.61,0.0005525621288762217
2021-05-18,3687.96,0.013284390360505549
2021-05-19,3634.76,-0.01442531914662848
2021-05-20,3636.16,0.0003851698599082187
2021-05-21,3660.48,0.0066883745489747515
2021-05-24,3662.51,0.000554572077978932
2021-05-25,3686.76,0.006621142331352026
2021-05-26,3711.05,0.006588440798967143
2021-05-27,3738.68,0.007445332183613651
2021-05-28,3730.55,-0.002174564284720737
2021-05-31,3721.63,-0.002391068341129343
2021-06-01,3764.59,0.011543329132664981
2021-06-02,3817.68,0.014102465341511161
2021-06-03,3805.45,-0.0032035162716623766
2021-06-04,3807.43,0.0005203064026593207
2021-06-07,3822.21,0.003881883580262757
2021-06-08,3807.43,-0.0038668728301166633
2021-06-09,3843.28,0.009415800159162657
2021-06-10,3827.71,-0.004051227076871888
2021-06-11,3841.53,0.003610513858155473
2021-06-14,3860.18,0.004854836484421421
2021-06-15,3822.4,-0.009787108373184639
2021-06-16,3829.67,0.0019019464210967563
2021-06-17,3819.07,-0.0027678625051243966
2021-06-18,3802.95,-0.004220922894840995
2021-06-21,3813.45,0.0027610144756045063
2021-06-22,3821.68,0.0021581507558772195
2021-06-23,3837.15,0.004047957966130111
2021-06-24,3823.44,-0.003572964309448423
2021-06-25,3831.84,0.002196974452325584
2021-06-28,3825.57,-0.0016362896154328288
2021-06-29,3790.85,-0.009075771715064795
2021-06-30,3841.85,0.013453447116082096
2021-07-01,3858.32,0.004286997149810734
2021-07-02,3865.42,0.0018401791453275251
2021-07-05,3882.59,0.00444194938712994
2021-07-06,3884.3,0.00044042765267504613
2021-07-07,3895.1,0.0027804237571762425
2021-07-08,3861.08,-0.00873405047367204
2021-07-09,3855.31,-0.0014944005304214913
2021-07-12,3875.61,0.00526546503394032
2021-07-13,3877.03,0.0003663939354063839
2021-07-14,3832.85,-0.011395320644926765
2021-07-15,3799.97,-0.008578472937892156
2021-07-16,3770.15,-0.007847430374450237
2021-07-19,3693.42,-0.020351975385594745
2021-07-20,3704.4,0.002972854427603755
2021-07-21,3722.96,0.005010258071482587
2021-07-22,3754.44,0.00845563744977107
2021-07-23,3734.54,-0.005300391003718263
2021-07-26,3750.1,0.004166510467152662
2021-07-27,3733.1,-0.0045332124476680224
2021-07-28,3782.28,0.013174037663068239
2021-07-29,3804.33,0.005829816935816412
2021-07-30,3771.58,-0.008608611766066532
2021-08-02,3788.1,0.004380127161560887
2021-08-03,3793.69,0.0014756738206489484
2021-08-04,3810.62,0.004462673544754603
2021-08-05,3833.75,0.0060698783924926225
2021-08-06,3805.36,-0.007405282034561478
2021-08-09,3835.11,0.007817919986545352
2021-08-10,3862.32,0.007094972504048114
2021-08-11,3877.37,0.003896621719588156
2021-08-12,3888.86,0.0029633488679181585
2021-08-13,3873.0,-0.004078316010347582
2021-08-16,3895.31,0.005760392460624875
2021-08-17,3943.01,0.012245495223743408
2021-08-18,3925.17,-0.004524462276281338
2021-08-19,3853.98,-0.01813679407516111
2021-08-20,3832.7,-0.0055215647201075635
2021-08-23,3883.01,0.013126516554909262
2021-08-24,3888.87,0.0015091385291305937
2021-08-25,3886.64,-0.0005734313566665428
2021-08-26,3851.57,-0.009023217998065047
2021-08-27,3887.38,0.009297507250290105
2021-08-30,3928.5,0.010577818479284185
2021-08-31,3918.96,-0.0024284077892324785
2021-09-01,3971.02,0.01328413660767147
2021-09-02,3990.77,0.004973533248384454
2021-09-03,4001.7,0.0027388198267501718
2021-09-06,4028.25,0.006634680260889203
2021-09-07,4010.16,-0.004490783839136148
2021-09-08,4017.37,0.0017979332495461353
2021-09-09,3993.56,-0.005926763031535498
2021-09-10,4002.66,0.0022786686565370307
2021-09-13,4041.16,0.009618603628587019
2021-09-14,4055.7,0.0035979768185372407
2021-09-15,4065.53,0.0024237492911212133
2021-09-16,4045.1,-0.005025175069425236
2021-09-17,4035.17,-0.0024548218832661783
2021-09-20,3969.61,-0.016247146960351122
2021-09-21,3970.48,0.00021916510689967694
2021-09-22,4030.98,0.015237452398702445
2021-09-23,4052.14,0.005249343832020914
2021-09-24,4038.23,-0.0034327540509458965
2021-09-27,4081.22,0.010645753213660347
2021-09-28,4065.46,-0.0038615904067900164
2021-09-29,4058.37,-0.0017439600930768684
2021-09-30,4103.52,0.011125156158753535
2021-10-01,4086.99,-0.004028248918002242
2021-10-04,4112.72,0.006295586727640856
2021-10-05,4223.85,0.027021046898403123
2021-10-06,4171.71,-0.012344188358961672
2021-10-07,4228.02,0.013498061945820927
2021-10-08,4238.0,0.002360442949654873
2021-10-11,4279.87,0.009879660217083419
2021-10-12,4263.8,-0.0037547869444631843
2021-10-13,4243.92,-0.004662507622308798
2021-10-14,4259.13,0.003583950687100712
2021-10-15,4261.82,0.0006315843846043112
2021-10-18,4248.33,-0.0031653143492685887
2021-10-19,4276.26,0.006574348037934996
2021-10-20,4287.52,0.0026331420446839005
2021-10-21,4218.63,-0.016067563533231355
2021-10-22,4196.96,-0.0051367387042713375
2021-10-25,4254.98,0.013824291868399952
2021-10-26,4235.87,-0.00449120794927349
2021-10-27,4229.53,-0.0014967409292542255
2021-10-28,4189.66,-0.00942657931259494
2021-10-29,4150.0,-0.009466161931994455
2021-11-01,4221.49,0.017226506024096366
2021-11-02,4207.53,-0.0033068892736924926
2021-11-03,4184.87,-0.005385582515157306
2021-11-05,4174.76,-0.00241584565350883
2021-11-08,4218.27,0.010422156004177507
2021-11-09,4187.33,-0.007334760458671541
2021-11-10,4172.47,-0.0035488007871363747
2021-11-11,4189.35,0.004045565336599166
2021-11-12,4121.66,-0.01615763781970958
2021-11-15,4135.14,0.0032705269236181778
2021-11-16,4120.02,-0.003656466286510174
2021-11-17,4149.02,0.0070388007825203935
2021-11-18,4093.85,-0.013297115945452354
2021-11-19,4016.47,-0.018901523016231714
2021-11-22,3872.77,-0.03577768538044601
2021-11-23,3960.33,0.0226091402277957
2021-11-24,3950.56,-0.002466966136660309
2021-11-25,3947.82,-0.0006935725568020246
2021-11-26,3810.98,-0.03466216798131627
2021-11-29,3879.54,0.017990123275378078
2021-11-30,3890.59,0.0028482758265155894
2021-12-01,3959.29,0.01765799017629721
2021-12-02,3947.54,-0.002967703805480282
2021-12-03,3913.06,-0.008734553671400413
2021-12-06,3810.1,-0.02631188890535796
2021-12-07,3873.2,0.01656124511167678
2021-12-08,3773.61,-0.025712589073634162
2021-12-09,3813.29,0.01051513007438487
2021-12-10,3760.23,-0.013914493783583226
2021-12-13,3618.31,-0.03774237214212961
2021-12-14,3619.39,0.00029848188795322805
2021-12-15,3621.82,0.0006713838519751825
2021-12-16,3750.36,0.035490444030901624
2021-12-17,3723.27,-0.0072233065625700865
2021-12-20,3669.05,-0.014562467938129653
2021-12-21,3693.02,0.006533026260203467
2021-12-22,3746.75,0.01454906824225155
2021-12-23,3704.6,-0.011249749783145413
2021-12-24,3702.72,-0.0005074771905199116
2021-12-27,3740.63,0.010238419324172687
2021-12-28,3777.56,0.00987266850771129
2021-12-29,3741.07,-0.009659674498882831
2021-12-30,3787.26,0.012346735025006161
2022-01-03,3852.5,0.017226174067795696
2022-01-04,3873.49,0.005448410123296554
2022-01-05,3815.05,-0.015087169451837856
2022-01-06,3753.29,-0.016188516533204078
2022-01-07,3772.04,0.004995617178528811
2022-01-10,3738.68,-0.008844020742091896
2022-01-11,3785.29,0.012466966950902547
2022-01-12,3829.95,0.01179830343249777
2022-01-13,3674.73,-0.04052794422903683
2022-01-14,3596.98,-0.021158017051592926
2022-01-17,3560.35,-0.010183542860955574
2022-01-18,3328.94,-0.06499641889140106
2022-01-19,3436.82,0.03240671204647727
2022-01-20,3516.02,0.023044558632689505
2022-01-21,3439.25,-0.0218343467898362
2022-01-24,3235.28,-0.05930653485498283
2022-01-25,3258.74,0.007251304369328082
2022-01-26,3357.66,0.03035529069517673
2022-01-27,3455.93,0.02926740646759951
2022-01-28,3488.6,0.009453316473424067
2022-01-31,3530.38,0.01197615089147508
2022-02-01,3548.17,0.005039117602071208
2022-02-02,3543.8,-0.0012316208073457346
2022-02-03,3471.18,-0.020492127095208645
2022-02-04,3471.01,-4.897470024589623e-05
2022-02-07,3470.78,-6.6263133785327e-05
2022-02-08,3551.65,0.023300237986850103
2022-02-09,3638.93,0.02457449354525365
2022-02-10,3655.76,0.004624985916189761
2022-02-11,3546.62,-0.029854257391076056
2022-02-14,3481.38,-0.01839497888130104
2022-02-15,3600.29,0.03415599561093585
2022-02-16,3646.41,0.012810079188065426
2022-02-17,3511.08,-0.037113215463976834
2022-02-18,3393.31,-0.03354238581860847
2022-02-21,3036.88,-0.10503903268490056
2022-02-22,3084.74,0.015759595374199797
2022-02-24,2058.12,-0.33280600634089097
2022-02-25,2470.48,0.2003576079140188
2022-03-24,2578.51,0.043728344289369
2022-03-25,2484.13,-0.0366025340215862
2022-03-28,2430.7,-0.02150853618771975
2022-03-29,2408.49,-0.009137285555601338
2022-03-30,2513.03,0.04340478889262589
2022-03-31,2703.51,0.07579694631580214
2022-04-01,2759.64,0.02076189842094145
2022-04-04,2787.69,0.010164369265556417
2022-04-05,2662.79,-0.04480412097471387
2022-04-06,2611.43,-0.019288039988132777
2022-04-07,2635.39,0.009175049685421488
2022-04-08,2592.72,-0.01619115197371168
2022-04-11,2557.16,-0.01371532598969416
2022-04-12,2540.99,-0.006323421295499676
2022-04-13,2528.42,-0.004946890778790847
2022-04-14,2404.73,-0.048919878817601514
2022-04-15,2424.99,0.008425062273103245
2022-04-18,2342.63,-0.03396302665165618
2022-04-19,2317.46,-0.010744334359245822
2022-04-20,2330.73,0.005726096674807835
2022-04-21,2271.05,-0.02560571151527624
2022-04-22,2232.23,-0.01709341494022598
2022-04-25,2186.22,-0.020611675320195588
2022-04-26,2318.46,0.060487965529544274
2022-04-27,2424.28,0.0456423660533285
2022-04-28,2383.66,-0.016755490289900643
2022-04-29,2445.17,0.025804854719213344
2022-05-04,2373.16,-0.02944989509931839
2022-05-05,2404.8,0.01333243439127596
2022-05-06,2393.03,-0.004894377910845016
2022-05-11,2387.14,-0.0024613147348759856
2022-05-12,2297.89,-0.03738783649052846
2022-05-13,2307.5,0.0041820974894359875
2022-05-16,2364.6,0.024745395449620844
2022-05-17,2424.1,0.02516281823564248
2022-05-18,2445.3,0.008745513798935844
2022-05-19,2436.57,-0.0035701140964299327
2022-05-20,2373.26,-0.025983246941397087
2022-05-23,2301.85,-0.030089412875117016
2022-05-24,2293.62,-0.003575385016399868
2022-05-25,2340.18,0.02029978810788191
2022-05-26,2413.06,0.031142903537334732
2022-05-27,2407.59,-0.0022668313261998696
2022-05-30,2400.39,-0.002990542409629704
2022-05-31,2355.75,-0.018596977991076402
2022-06-01,2374.6,0.00800169797304462
2022-06-02,2340.17,-0.014499284089951936
2022-06-03,2308.03,-0.013734044962545378
2022-06-06,2282.16,-0.011208693127905733
2022-06-07,2291.62,0.00414519577943695
2022-06-08,2318.85,0.01188242378753901
2022-06-09,2293.99,-0.010720831446622281
2022-06-10,2285.52,-0.0036922567230022185
2022-06-14,2289.75,0.001850782316496824
2022-06-15,2318.96,0.012756851184627216
2022-06-16,2369.75,0.021902059543933428
2022-06-17,2353.98,-0.006654710412490772
2022-06-20,2404.4,0.021419043492298284
2022-06-21,2358.81,-0.01896107136915659
2022-06-22,2373.52,0.006236195369699216
2022-06-23,2404.54,0.013069196804745609
2022-06-24,2391.51,-0.005418915884119135
2022-06-27,2417.06,0.010683626662652435
2022-06-28,2408.75,-0.0034380611155701013
2022-06-29,2378.55,-0.012537623248572882
2022-06-30,2204.85,-0.07302768493409861
2022-07-01,2206.61,0.0007982402431006008
2022-07-04,2204.66,-0.0008837084940248596
2022-07-05,2226.64,0.009969791260330485
2022-07-06,2221.88,-0.0021377501526963494
2022-07-07,2226.65,0.002146830611914119
2022-07-08,2222.51,-0.0018592953540070845
2022-07-11,2162.34,-0.027072994047270926
2022-07-12,2133.77,-0.01321253826872748
2022-07-13,2073.68,-0.028161423208687086
2022-07-14,2063.3,-0.00500559391998745
2022-07-15,2109.52,0.022401008093830166
2022-07-18,2096.42,-0.006209943494254522
2022-07-19,2071.28,-0.011991871857738423
2022-07-20,2075.24,0.001911861264531911
2022-07-21,2053.64,-0.01040843468707231
2022-07-22,2096.75,0.02099199470209001
2022-07-25,2128.96,0.015361869560033492
2022-07-26,2192.42,0.029807981361791747
2022-07-27,2196.22,0.0017332445425601861
2022-07-28,2189.16,-0.0032146142007630774
2022-07-29,2213.81,0.01126002667689896
2022-08-01,2180.09,-0.01523165944683591
2022-08-02,2137.3,-0.019627630051970324
2022-08-03,2123.92,-0.00626023487577787
2022-08-04,2116.58,-0.0034558740442202085
2022-08-05,2054.29,-0.029429551446200963
2022-08-08,2088.4,0.016604276903455784
2022-08-09,2136.8,0.02317563685117796
2022-08-10,2151.5,0.006879445900411785
2022-08-11,2133.11,-0.008547524982570276
2022-08-12,2147.33,0.0066663228806764785
2022-08-15,2165.12,0.00828470705480755
2022-08-16,2208.33,0.019957323381613934
2022-08-17,2188.56,-0.008952466343345455
2022-08-18,2194.31,0.0026272983148736273
2022-08-19,2195.16,0.0003873655044182023
2022-08-22,2228.11,0.015010295377102523
2022-08-23,2260.08,0.014348483692456782
2022-08-24,2248.22,-0.0052476018548016645
2022-08-25,2246.34,-0.0008362170961915272
2022-08-26,2268.89,0.01003855159949052
2022-08-29,2296.33,0.012094019542595813
2022-08-30,2306.62,0.004481063261813301
2022-08-31,2400.08,0.04051816077203885
2022-09-01,2445.77,0.019036865437818795
2022-09-02,2471.45,0.010499760811523595
2022-09-05,2488.44,0.006874506868437713
2022-09-06,2425.33,-0.025361270514860812
2022-09-07,2401.57,-0.009796604998082659
2022-09-08,2390.27,-0.004705255312150047
2022-09-09,2426.06,0.014973203863998696
2022-09-12,2449.65,0.009723584742339586
2022-09-13,2446.89,-0.0011266915681833467
2022-09-14,2435.89,-0.004495502454135658
2022-09-15,2446.59,0.004392644988074235
2022-09-16,2435.18,-0.004663633874086082
2022-09-19,2430.54,-0.0019054032966762113
2022-09-20,2215.67,-0.08840422292988381
2022-09-21,2130.71,-0.03834506041062069
2022-09-22,2190.87,0.02823471988210491
2022-09-23,2089.87,-0.0461004076006335
2022-09-26,1933.35,-0.07489461066956316
2022-09-27,1953.46,0.010401634468668375
2022-09-28,1963.86,0.005323886846927861
2022-09-29,1953.77,-0.005137840782947878
2022-09-30,1957.31,0.0018118816442058705
2022-10-03,2041.96,0.04324813136396388
2022-10-04,2046.42,0.0021841759877765377
2022-10-05,2029.88,-0.008082407325964325
2022-10-06,2020.63,-0.0045569196208642415
2022-10-07,1944.75,-0.03755264447226858
2022-10-10,1916.97,-0.01428461241804857
2022-10-11,1949.46,0.016948622044163475
2022-10-12,1951.65,0.0011233880151426678
2022-10-13,1955.2,0.0018189736889298036
2022-10-14,1950.98,-0.002158346972176761
2022-10-17,2012.85,0.031712267680857664
2022-10-18,2032.4,0.009712596567056808
2022-10-19,1978.4,-0.026569572918716755
2022-10-20,2025.51,0.023812171451678132
2022-10-21,2043.71,0.008985391333540704
2022-10-24,2063.95,0.00990355774547269
2022-10-25,2130.65,0.032316674338041196
2022-10-26,2120.58,-0.004726257245441623
2022-10-27,2164.64,0.020777334502824596
2022-10-28,2167.7,0.0014136299800429075
2022-10-31,2166.61,-0.0005028371084557781
2022-11-01,2174.35,0.003572401124336988
2022-11-02,2173.84,-0.00023455285487605781
2022-11-03,2155.92,-0.008243476980826614
2022-11-07,2208.78,0.02451853501057566
2022-11-08,2207.2,-0.0007153270131023959
2022-11-09,2166.56,-0.018412468285610717
2022-11-10,2210.02,0.020059449080570113
2022-11-11,2217.44,0.003357435679315124
2022-11-14,2244.77,0.012325023450465267
2022-11-15,2223.26,-0.00958227346231455
2022-11-16,2227.19,0.0017676744960102297
2022-11-17,2212.93,-0.0064026867936728404
2022-11-18,2206.32,-0.002986990099099196
2022-11-21,2166.31,-0.018134268827731392
2022-11-22,2196.04,0.013723797609760391
2022-11-23,2211.89,0.007217537021183551
2022-11-24,2210.95,-0.0004249759255658958
2022-11-25,2195.17,-0.007137203464573916
2022-11-28,2177.45,-0.008072267751472628
2022-11-29,2185.32,0.0036143195021700603
2022-11-30,2174.53,-0.004937491992019427
2022-12-01,2187.29,0.0058679346801375765
2022-12-02,2180.44,-0.003131729217433432
2022-12-05,2208.28,0.012768065161160136
2022-12-06,2196.24,-0.0054522071476444944
2022-12-07,2192.88,-0.0015298874439950705
2022-12-08,2184.43,-0.0038533800299150878
2022-12-09,2177.85,-0.003012227446061444
2022-12-12,2173.16,-0.0021535000114791814
2022-12-13,2174.38,0.0005613944670435078
2022-12-14,2159.81,-0.006700760676606743
2022-12-15,2126.8,-0.015283751811501878
2022-12-16,2132.75,0.002797630242618032
2022-12-19,2129.98,-0.0012987926386121007
2022-12-20,2119.37,-0.004981267429741143
2022-12-21,2116.13,-0.001528756186980007
2022-12-22,2122.91,0.00320396194940753
2022-12-23,2124.02,0.0005228671964427889
2022-12-26,2139.21,0.007151533413056299
2022-12-27,2150.92,0.00547398338639038
2022-12-28,2139.77,-0.0051838283153256
2022-12-29,2147.06,0.0034069082191077182
2022-12-30,2154.12,0.0032882173763191247
2023-01-03,2172.68,0.008616047388260606
2023-01-04,2168.42,-0.001960712115912089
2023-01-05,2156.67,-0.005418691950821342
2023-01-06,2156.39,-0.00012982978387987565
2023-01-09,2163.5,0.0032971772267540445
2023-01-10,2159.51,-0.0018442338802864278
2023-01-11,2186.98,0.012720478256641465
2023-01-12,2185.93,-0.0004801141299876077
2023-01-13,2199.94,0.006409171382432355
2023-01-16,2224.9,0.011345763975381118
2023-01-17,2196.84,-0.012611802777652947
2023-01-18,2196.26,-0.0002640155860235138
2023-01-19,2168.83,-0.012489413821678785
2023-01-20,2166.69,-0.0009867071185846177
2023-01-23,2185.31,0.008593753605730337
2023-01-24,2172.75,-0.0057474683225721135
2023-01-25,2170.15,-0.0011966402025083145
2023-01-26,2166.92,-0.0014883763795129346
2023-01-27,2189.35,0.010351097410148835
2023-01-30,2204.41,0.006878753968072582
2023-01-31,2225.6,0.00961254938963263
2023-02-01,2230.15,0.0020443925233646354
2023-02-02,2243.54,0.006004080443019477
2023-02-03,2248.3,0.002121647039945884
2023-02-06,2272.37,0.010705866654805662
2023-02-07,2267.69,-0.002059523757134585
2023-02-08,2251.97,-0.006932164449285461
2023-02-09,2262.45,0.0046537032020852465
2023-02-10,2261.58,-0.00038453888483713783
2023-02-13,2264.27,0.0011894339355671413
2023-02-14,2232.23,-0.01415025593237551
2023-02-15,2166.46,-0.029463809732867996
2023-02-16,2153.96,-0.005769781117583528
2023-02-17,2168.88,0.006926776727515849
2023-02-20,2183.57,0.006773081037217299
2023-02-21,2212.42,0.013212308284140217
2023-02-22,2212.4,-9.039874888094879e-06
2023-02-24,2208.03,-0.0019752305188934782
2023-02-27,2241.1,0.014977151578556391
2023-02-28,2253.16,0.005381285975637029
2023-03-01,2279.65,0.011756821530650496
2023-03-02,2254.3,-0.01112012808983831
2023-03-03,2272.2,0.007940380605952813
2023-03-06,2294.12,0.009647038112842177
2023-03-07,2295.6,0.0006451275434589121
2023-03-09,2290.14,-0.00237846314688972
2023-03-10,2276.25,-0.006065131389347278
2023-03-13,2269.47,-0.0029785831960462694
2023-03-14,2290.32,0.009187167047813194
2023-03-15,2262.07,-0.012334520940305294
2023-03-16,2258.22,-0.0017019809289723353
2023-03-17,2322.78,0.02858888859367137
2023-03-20,2397.16,0.03202197366948201
2023-03-21,2398.15,0.00041298870329908866
2023-03-22,2393.88,-0.0017805391656068315
2023-03-23,2388.35,-0.0023100573128144175
2023-03-24,2391.53,0.0013314631440117797
2023-03-27,2440.68,0.020551697030770866
2023-03-28,2442.19,0.0006186800399889947
2023-03-29,2460.87,0.007648872528345452
2023-03-30,2465.93,0.0020561833822996256
2023-03-31,2450.67,-0.006188334624259273
2023-04-03,2473.32,0.00924237045379428
2023-04-04,2480.45,0.0028827648666567285
2023-04-05,2500.8,0.008204156503860416
2023-04-06,2498.3,-0.000999680102367284
2023-04-07,2508.39,0.00403874634751622
2023-04-10,2547.35,0.015531875027408049
2023-04-11,2533.69,-0.005362435472157312
2023-04-12,2538.47,0.0018865764951512265
2023-04-13,2544.28,0.0022887802495206166
2023-04-14,2554.85,0.004154416966685837
2023-04-17,2596.11,0.016149676106229416
2023-04-18,2615.62,0.007515089884480908
2023-04-19,2606.55,-0.003467629089852431
2023-04-20,2637.85,0.012008210086129179
2023-04-21,2639.95,0.0007961028868206377
2023-04-24,2635.43,-0.0017121536392734615
2023-04-25,2626.86,-0.0032518412555065934
2023-04-26,2620.33,-0.0024858576399199306
2023-04-27,2646.18,0.00986516965420381
2023-04-28,2634.94,-0.004247632436190973
2023-05-02,2580.51,-0.020657016858068866
2023-05-03,2532.42,-0.018635851052698937
2023-05-04,2524.51,-0.003123494523025294
2023-05-05,2538.24,0.00543867918922869
2023-05-08,2527.59,-0.004195820726172306
2023-05-10,2548.63,0.008324134847819353
2023-05-11,2595.12,0.018241172708474584
2023-05-12,2565.17,-0.011540892136009062
2023-05-15,2611.07,0.017893550914754197
2023-05-16,2633.71,0.008670774816454507
2023-05-17,2634.48,0.00029236324424486426
2023-05-18,2632.91,-0.0005959430324011805
2023-05-19,2626.16,-0.0025637032788815572
2023-05-22,2633.26,0.00270356718554865
2023-05-23,2641.66,0.00318996225211321
2023-05-24,2654.99,0.005046069516894569
2023-05-25,2649.98,-0.001887012757110118
2023-05-26,2682.03,0.012094430901365305
2023-05-29,2732.0,0.018631409790345277
2023-05-30,2698.75,-0.012170571010248876
2023-05-31,2717.64,0.006999536822603014
2023-06-01,2721.73,0.0015049822640231802
2023-06-02,2719.48,-0.00082668008950193
2023-06-05,2694.14,-0.009317957844882208
2023-06-06,2681.25,-0.004784458120216439
2023-06-07,2694.69,0.005012587412587477
2023-06-08,2709.69,0.005566503011478208
2023-06-09,2708.04,-0.0006089257442734031
2023-06-13,2757.28,0.01818289242404103
2023-06-14,2765.18,0.0028651424592349706
2023-06-15,2800.17,0.012653787456874399
2023-06-16,2800.79,0.00022141512836726385
2023-06-19,2815.07,0.005098561477297592
2023-06-20,2803.69,-0.004042528249741606
2023-06-21,2819.3,0.005567662616052571
2023-06-22,2815.83,-0.0012308019721207764
2023-06-23,2795.06,-0.0073761555207523255
2023-06-26,2757.13,-0.013570370582384528
2023-06-27,2776.63,0.0070725718410085125
2023-06-28,2780.92,0.001545038409870969
2023-06-29,2796.41,0.005570099103893611
2023-06-30,2797.37,0.0003432972990369265
2023-07-03,2793.93,-0.0012297264930989371
2023-07-04,2808.22,0.005114659279223055
2023-07-05,2805.0,-0.0011466338107412044
2023-07-06,2819.6,0.0052049910873439575
2023-07-07,2832.51,0.0045786636402327385
2023-07-10,2856.76,0.00856131134576743
2023-07-11,2860.33,0.0012496674554389742
2023-07-12,2896.83,0.01276076536623405
2023-07-13,2885.63,-0.0038662952261609984
2023-07-14,2902.72,0.005922450210179342
2023-07-17,2917.61,0.0051296714805424415
2023-07-18,2954.52,0.01265076552383615
2023-07-19,2943.43,-0.00375357079999461
2023-07-20,2917.48,-0.008816244993086197
2023-07-21,2923.54,0.002077135061765656
2023-07-24,2937.47,0.004764771475676666
2023-07-25,2975.36,0.01289885513724398
2023-07-26,2970.42,-0.001660303291030396
2023-07-27,2987.85,0.005867857070717131
2023-07-28,3008.61,0.0069481399668658295
2023-07-31,3073.5,0.021568099554279074
2023-08-01,3093.64,0.006552789978851337
2023-08-02,3106.46,0.00414398572555319
2023-08-03,3147.8,0.013307752232444736
2023-08-04,3092.44,-0.017586886079166475
2023-08-07,3084.08,-0.0027033669206193434
2023-08-08,3085.31,0.00039882233923904664
2023-08-09,3099.52,0.004605696024062356
2023-08-10,3148.86,0.015918593846789175
2023-08-11,3155.51,0.00211187540887825
2023-08-14,3131.0,-0.0077673656556309645
2023-08-15,3115.25,-0.005030341743851752
2023-08-16,3049.46,-0.021118690313779
2023-08-17,3059.02,0.003134981275373372
2023-08-18,3111.22,0.017064288563003682
2023-08-21,3139.93,0.00922789130951851
2023-08-22,3164.25,0.007745395597991145
2023-08-23,3146.2,-0.005704353322272371
2023-08-24,3137.37,-0.0028065602949589596
2023-08-25,3157.33,0.0063620165935163175
2023-08-28,3198.72,0.013109177691277063
2023-08-29,3211.36,0.003951580632252982
2023-08-30,3212.68,0.0004110408051416492
2023-08-31,3227.99,0.004765491738984329
2023-09-01,3231.35,0.0010408954178917629
2023-09-04,3268.97,0.011642192891515801
2023-09-05,3264.43,-0.001388816660905401
2023-09-06,3245.47,-0.005808058374662695
2023-09-07,3169.07,-0.023540504148859664
2023-09-08,3142.88,-0.008264254181826192
2023-09-11,3122.37,-0.006525861630097274
2023-09-12,3165.92,0.013947738416651534
2023-09-13,3148.32,-0.005559205538990253
2023-09-14,3139.49,-0.0028046704274026224
2023-09-15,3152.53,0.004153540861732363
2023-09-18,3135.18,-0.005503516223477778
2023-09-19,3083.85,-0.016372265707232048
2023-09-20,3068.15,-0.005091038798903935
2023-09-21,3019.22,-0.01594772093932839
2023-09-22,3049.07,0.009886659468339554
2023-09-25,3045.39,-0.0012069253903650434
2023-09-26,3051.91,0.002140940897553456
2023-09-27,3067.61,0.005144319458961766
2023-09-28,3108.07,0.013189421080254782
2023-09-29,3133.26,0.008104708066420718
2023-10-02,3132.33,-0.0002968154573831372
2023-10-03,3143.88,0.0036873509496127
2023-10-04,3134.25,-0.003063094011221845
2023-10-05,3131.76,-0.0007944484326393164
2023-10-06,3144.89,0.004192530717551657
2023-10-09,3174.02,0.009262645116363322
2023-10-10,3177.03,0.0009483242071568476
2023-10-11,3194.12,0.0053792378416319675
2023-10-12,3174.66,-0.00609244486744398
2023-10-13,3192.33,0.0055659503694884815
2023-10-16,3234.78,0.013297497439174633
2023-10-17,3247.15,0.003824062223706015
2023-10-18,3249.21,0.000634402476017426
2023-10-19,3255.16,0.001831214356720512
2023-10-20,3269.27,0.004334656360977629
2023-10-23,3263.68,-0.0017098618345992023
2023-10-24,3265.01,0.0004075154426905758
2023-10-25,3265.28,8.269499940283254e-05
2023-10-26,3223.89,-0.01267578890631138
2023-10-27,3224.18,8.995344133944094e-05
2023-10-30,3227.07,0.000896351940648632
2023-10-31,3200.97,-0.008087831996207218
2023-11-01,3206.52,0.0017338494268925864
2023-11-02,3197.22,-0.002900340556116987
2023-11-03,3208.63,0.00356872533013064
2023-11-06,3235.11,0.008252743382689776
2023-11-07,3246.34,0.003471288456961208
2023-11-08,3245.43,-0.0002803156785796679
2023-11-09,3239.92,-0.0016977719439333905
2023-11-10,3242.06,0.0006605101360526167
2023-11-13,3248.27,0.0019154488195776143
2023-11-14,3212.39,-0.011045879806789505
2023-11-15,3215.11,0.0008467215998058109
2023-11-16,3189.08,-0.008096146010556415
2023-11-17,3206.34,0.005412219198013268
2023-11-20,3207.36,0.00031811972529416366
2023-11-21,3218.48,0.0034670258405666843
2023-11-22,3230.65,0.003781288061445176
2023-11-23,3221.05,-0.002971538235339577
2023-11-24,3217.76,-0.0010214060632401933
2023-11-27,3191.05,-0.008300805529312338
2023-11-28,3196.36,0.001664029081336782
2023-11-29,3173.52,-0.00714562815202302
2023-11-30,3165.79,-0.002435781088507394
2023-12-01,3142.29,-0.007423107660331274
2023-12-04,3114.41,-0.0088725101756999
2023-12-05,3129.33,0.004790634502201074
2023-12-06,3079.5,-0.015923536348036116
2023-12-07,3073.63,-0.001906153596363036
2023-12-08,3079.99,0.002069214576900791
2023-12-11,3026.17,-0.017474082708060612
2023-12-12,3019.89,-0.002075230406751838
2023-12-13,3032.22,0.0040829301729532474
2023-12-14,3008.84,-0.00771052232357794
2023-12-15,3033.89,0.008325467622073424
2023-12-18,3076.26,0.013965568956026964
2023-12-19,3083.64,0.002399016988160918
2023-12-20,3104.66,0.006816619320024309
2023-12-21,3073.57,-0.010013978986426753
2023-12-22,3092.58,0.006184990092953813
2023-12-25,3099.02,0.002082403688829393
2023-12-26,3094.72,-0.0013875354144213814
2023-12-27,3097.49,0.0008950728983558864
2023-12-28,3101.99,0.0014527891938311832
2023-12-29,3099.11,-0.0009284362618834363
2024-01-03,3130.23,0.010041592586258696
2024-01-04,3136.07,0.001865677601965432
2024-01-05,3136.37,9.566113001291399e-05
2024-01-08,3158.58,0.007081434907233453
2024-01-09,3155.55,-0.0009592918336720491
2024-01-10,3164.7,0.002899652992346624
2024-01-11,3181.25,0.005229563623724287
2024-01-12,3185.22,0.0012479371316305166
2024-01-15,3184.88,-0.00010674301932034336
2024-01-16,3179.45,-0.0017049307980206985
2024-01-17,3185.23,0.0018179244837943642
2024-01-18,3178.85,-0.0020029950741391467
2024-01-19,3166.37,-0.003925948062978746
2024-01-22,3172.15,0.0018254341722541145
2024-01-23,3175.74,0.0011317245401383236
2024-01-24,3162.41,-0.004197446894267154
2024-01-25,3157.74,-0.0014767218671836169
2024-01-26,3163.21,0.0017322515469926358
2024-01-29,3176.61,0.004236203097486513
2024-01-30,3196.08,0.0061291754417445166
2024-01-31,3214.19,0.005666316237390889
2024-02-01,3229.89,0.00488458989667695
2024-02-02,3226.35,-0.0010960125577031965
2024-02-05,3226.79,0.00013637702047208933
2024-02-06,3238.4,0.003598002968894898
2024-02-07,3256.58,0.0056138833992094295
2024-02-08,3241.81,-0.004535432877435852
2024-02-09,3242.38,0.00017582770119162205
2024-02-12,3248.5,0.0018875023902193977
2024-02-13,3254.6,0.0018777897491148998
2024-02-14,3258.14,0.0010876912677439954
2024-02-15,3265.63,0.0022988576304272534
2024-02-16,3242.48,-0.007088984361363737
2024-02-19,3244.56,0.0006414842959709954
2024-02-20,3207.49,-0.011425278003797223
2024-02-21,3139.5,-0.02119726016293111
2024-02-22,3142.3,0.0008918617614270818
2024-02-26,3213.17,0.022553543582725988
2024-02-27,3208.99,-0.0013008959999004643
2024-02-28,3227.05,0.0056279390088471715
2024-02-29,3256.8,0.009218946096279934
2024-03-01,3266.66,0.0030275116678948333
2024-03-04,3296.75,0.009211243288251625
2024-03-05,3300.89,0.0012557822097520877
2024-03-06,3310.58,0.002935571921512059
2024-03-07,3315.68,0.0015405155592072006
2024-03-11,3320.31,0.0013963953095594839
2024-03-12,3332.6,0.0037014616105122133
2024-03-13,3320.68,-0.003576786893116468
2024-03-14,3297.0,-0.007131069539973667
2024-03-15,3300.07,0.0009311495298756078
2024-03-18,3296.3,-0.0011424000096967868
2024-03-19,3264.97,-0.009504596062251736
2024-03-20,3267.1,0.000652379654330737
2024-03-21,3286.69,0.005996143368736773
2024-03-22,3273.49,-0.00401619866796088
2024-03-25,3281.63,0.002486642696327257
2024-03-26,3285.54,0.0011914810627644545
2024-03-27,3304.09,0.005645951654827064
2024-03-28,3312.77,0.002627047084068579
2024-03-29,3332.53,0.0059647968316545175
2024-04-01,3363.29,0.009230224484100491
2024-04-02,3371.29,0.0023786233122924383
2024-04-03,3395.59,0.00720792337651166
2024-04-04,3407.57,0.0035281055722276022
2024-04-05,3395.37,-0.003580263941753259
2024-04-08,3417.38,0.006482356856542859
2024-04-09,3414.26,-0.000912980119272655
2024-04-10,3439.11,0.007278297493453989
2024-04-11,3439.53,0.00012212461945093622
2024-04-12,3456.24,0.004858221908225602
2024-04-15,3472.19,0.004614841561928706
2024-04-16,3462.94,-0.0026640247221494384
2024-04-17,3454.07,-0.002561407359064849
2024-04-18,3455.82,0.0005066486782259183
2024-04-19,3470.88,0.004357865861069232
2024-04-22,3479.17,0.002388443276633012
2024-04-23,3439.42,-0.011425138754358133
2024-04-24,3428.93,-0.003049932837513425
2024-04-25,3439.76,0.0031584196819416377
2024-04-26,3449.77,0.0029100867502382943
2024-04-27,3465.85,0.004661180310571389
2024-04-29,3478.08,0.0035287158994186107
2024-04-30,3469.83,-0.0023719983439138836
2024-05-02,3442.83,-0.0077813610465066185
2024-05-03,3441.77,-0.00030788624474631376
2024-05-06,3436.05,-0.0016619355738470842
2024-05-07,3427.61,-0.0024563088430028523
2024-05-08,3432.54,0.0014383199955654291
2024-05-10,3449.78,0.005022519766703537
2024-05-13,3457.11,0.002124773173941552
2024-05-14,3463.93,0.0019727460219662873
2024-05-15,3470.72,0.0019602012742752084
2024-05-16,3486.26,0.0044774571270516095
2024-05-17,3501.89,0.004483314497484292
2024-05-20,3468.09,-0.009651930814502996
2024-05-21,3428.38,-0.011450106542794436
2024-05-22,3444.64,0.0047427648043680826
2024-05-23,3442.79,-0.0005370662826884587
2024-05-24,3396.5,-0.013445490430726181
2024-05-27,3299.22,-0.028641248343883485
2024-05-28,3302.91,0.001118446178187682
2024-05-29,3318.03,0.004577781410937787
2024-05-30,3282.18,-0.010804603936673374
2024-05-31,3217.19,-0.01980086405986259
2024-06-03,3141.42,-0.0235516087020039
2024-06-04,3186.93,0.014487079091620947
2024-06-05,3212.24,0.0079418123397752
2024-06-06,3192.38,-0.006182601549074684
2024-06-07,3233.22,0.012792963243724031
2024-06-10,3180.94,-0.016169638935797703
2024-06-11,3171.1,-0.003093425213930523
2024-06-13,3171.69,0.00018605531203697012
2024-06-14,3215.91,0.013942093962524549
2024-06-17,3183.68,-0.010022046636877335
2024-06-18,3114.15,-0.021839506483063542
2024-06-19,3027.47,-0.027834240482956907
2024-06-20,3123.43,0.03169643299520719
2024-06-21,3114.35,-0.0029070605071988
2024-06-24,3098.05,-0.005233836916210377
2024-06-25,3111.39,0.00430593437807647
2024-06-26,3151.7,0.012955624335104332
2024-06-27,3150.32,-0.0004378589332739713
2024-06-28,3154.36,0.0012824094060286395
2024-07-01,3186.19,0.01009079496316212
2024-07-02,3217.29,0.009760874273034625
2024-07-03,3203.07,-0.004419868895871981
2024-07-04,3133.81,-0.02162300542916651
2024-07-05,3149.29,0.004939674070859379
2024-07-08,3132.58,-0.005305957850817222
2024-07-09,3054.07,-0.025062408621647214
2024-07-10,2975.75,-0.025644467874017307
2024-07-11,2992.21,0.005531378644039409
2024-07-12,2973.21,-0.0063498217036905835
2024-07-15,2913.48,-0.020089398327060692
2024-07-16,2944.86,0.010770624819803176
2024-07-17,2947.24,0.0008081878255672414
2024-07-18,2980.62,0.011325850626348721
2024-07-19,3008.24,0.009266528440391664
2024-07-22,3024.54,0.005418450655532814
2024-07-23,3028.01,0.0011472819007187773
2024-07-24,3051.76,0.007843435127360854
2024-07-25,3041.37,-0.003404592759588043
2024-07-26,2993.23,-0.015828393125466467
2024-07-29,2906.95,-0.02882504852617418
2024-07-30,2944.78,0.013013639725485637
2024-07-31,2942.68,-0.0007131262776847169
2024-08-01,2935.69,-0.0023753857028286918
2024-08-02,2899.0,-0.01249791360804442
2024-08-05,2828.72,-0.024242842359434302
2024-08-06,2830.75,0.0007176390735033067
2024-08-07,2874.94,0.015610703877064314
2024-08-08,2852.51,-0.007801901952736334
2024-08-09,2848.29,-0.0014793988452276308
2024-08-12,2844.77,-0.0012358292168282992
2024-08-13,2884.6,0.014001131901700381
2024-08-14,2871.11,-0.0046765582749773715
2024-08-15,2838.11,-0.011493812497605504
2024-08-16,2828.2,-0.003491760361649221
2024-08-19,2775.64,-0.01858425853900003
2024-08-20,2768.42,-0.0026012018849705942
2024-08-21,2768.14,-0.00010114072286726561
2024-08-22,2725.75,-0.015313531830037475
2024-08-23,2662.47,-0.023215628726038773
2024-08-26,2763.75,0.03803986523791836
2024-08-27,2730.38,-0.012074174581637176
2024-08-28,2699.98,-0.011133981350581301
2024-08-29,2708.27,0.003070393114023018
2024-08-30,2650.32,-0.021397423447440556
2024-09-02,2545.07,-0.03971218569833079
2024-09-03,2524.38,-0.008129442412193044
2024-09-04,2605.15,0.03199597524936815
2024-09-05,2621.62,0.006322092777766963
2024-09-06,2623.37,0.0006675261860986659
2024-09-09,2703.17,0.030418888681352785
2024-09-10,2671.38,-0.011760266649896267
2024-09-11,2668.03,-0.0012540334957961141
2024-09-12,2615.0,-0.019876088349831234
2024-09-13,2678.99,0.024470363288718877
2024-09-16,2744.2,0.024341262938644803
2024-09-17,2774.04,0.010873843014357565
2024-09-18,2751.73,-0.00804242188288562
2024-09-19,2758.91,0.0026092676243671953
2024-09-20,2782.35,0.008496108970571736
2024-09-23,2819.87,0.013485003683936236
2024-09-24,2871.96,0.018472482774028576
2024-09-25,2830.11,-0.014571929971169517
2024-09-26,2829.65,-0.00016253785188558023
2024-09-27,2858.56,0.010216811266410941
2024-09-30,2857.56,-0.0003498264860629652
2024-10-01,2814.19,-0.015177284116518974
2024-10-02,2766.79,-0.01684321243412845
2024-10-03,2782.39,0.005638302870835776
2024-10-04,2804.62,0.007989534177451851
2024-10-07,2793.84,-0.0038436579643587043
2024-10-08,2788.37,-0.001957878761847609
2024-10-09,2748.81,-0.014187500224145277
2024-10-10,2761.54,0.004631094910161115
2024-10-11,2754.52,-0.002542059865147661
2024-10-14,2773.36,0.006839667165241092
2024-10-15,2805.79,0.0116933971788733
2024-10-16,2783.46,-0.007958542870278973
2024-10-17,2763.53,-0.007160153190633234
2024-10-18,2751.9,-0.004208385651684687
2024-10-21,2767.71,0.005745121552382049
2024-10-22,2755.19,-0.004523595318873697
2024-10-23,2734.93,-0.007353394865689977
2024-10-24,2718.42,-0.006036717575952477
2024-10-25,2660.36,-0.021357994717519757
2024-10-28,2575.06,-0.03206332977491777
2024-10-29,2599.66,0.00955317545998935
2024-10-30,2615.38,0.006046944600447857
2024-10-31,2560.2,-0.021098272526363426
2024-11-01,2574.71,0.0056675259745333495
2024-11-02,2594.38,0.007639695344330066
2024-11-05,2616.51,0.0085299763334592
2024-11-06,2662.87,0.01771825829062368
2024-11-07,2690.63,0.010424842369323395
2024-11-08,2734.56,0.01632703121573753
2024-11-11,2785.31,0.01855874436838101
2024-11-12,2756.76,-0.010250205542650437
2024-11-13,2763.99,0.0026226439733598728
2024-11-14,2697.47,-0.024066657259975588
2024-11-15,2739.21,0.01547375874430501
2024-11-18,2720.77,-0.006731867947327941
2024-11-19,2630.51,-0.033174432237932594
2024-11-20,2596.89,-0.012780791557530757
2024-11-21,2568.6,-0.010893799891408595
2024-11-22,2581.05,0.004846998364868238
2024-11-25,2530.69,-0.019511439142984477
2024-11-26,2464.35,-0.026214194547732106
2024-11-27,2491.88,0.011171302777608805
2024-11-28,2547.88,0.022472992278921966
2024-11-29,2578.0,0.011821592853666463
2024-12-02,2586.74,0.003390224980605039
2024-12-03,2539.64,-0.018208246673419026
2024-12-04,2485.62,-0.02127073128474899
2024-12-05,2510.83,0.010142338732388678
2024-12-06,2536.23,0.010116176722438475
2024-12-09,2572.89,0.01445452502336142
2024-12-10,2522.75,-0.019487813314988167
2024-12-11,2512.54,-0.0040471707462095274
2024-12-12,2492.63,-0.007924251952207695
2024-12-13,2485.2,-0.002980787361140713
2024-12-16,2420.3,-0.02611459842266206
2024-12-17,2377.15,-0.017828368384084636
2024-12-18,2409.35,0.013545632374902583
2024-12-19,2416.45,0.002946852885633122
2024-12-20,2638.42,0.09185789070744277
2024-12-23,2702.48,0.02427968253727597
2024-12-24,2690.96,-0.0042627512507030785
2024-12-25,2732.83,0.015559502928322866
2024-12-26,2766.57,0.012346175942155257
2024-12-27,2757.45,-0.003296500721109652
2024-12-28,2786.67,0.010596746994505857
2024-12-30,2883.04,0.03458249451854711
2025-01-03,2828.5,-0.018917531494533568
2025-01-06,2816.26,-0.0043273820045960365
2025-01-08,2840.79,0.008710133297351819
2025-01-09,2773.12,-0.02382083856955286
2025-01-10,2824.59,0.018560321947842295
2025-01-13,2866.11,0.014699478508385377
2025-01-14,2859.51,-0.0023027727477311632
2025-01-15,2842.96,-0.005787704886501599
2025-01-16,2911.29,0.024034808790837747
2025-01-17,2945.52,0.011757674432983256
2025-01-20,2929.55,-0.005421793095955807
2025-01-21,2934.71,0.0017613626666210802
2025-01-22,2972.62,0.012917801077448887
2025-01-23,2926.1,-0.01564949438542429
2025-01-24,2947.94,0.007463859745053147
2025-01-27,2891.39,-0.01918288703297899
2025-01-28,2931.97,0.014034772202988766
2025-01-29,2950.68,0.006381374979962384
2025-01-30,2967.47,0.005690213781230025
2025-01-31,2948.1,-0.0065274459387962835
2025-02-03,2926.17,-0.007438689325328096
2025-02-04,2917.71,-0.002891151231814937
2025-02-05,2930.56,0.004404138862326823
2025-02-06,2970.12,0.013499126446822496
2025-02-07,2966.53,-0.0012087053721734353
2025-02-10,3012.39,0.015459139128881194
2025-02-11,3018.02,0.0018689479117910412
2025-02-12,3025.63,0.0025215207321356292
2025-02-13,3206.97,0.059934625185498414
2025-02-14,3185.0,-0.0068507033118487826
2025-02-17,3308.41,0.03874725274725277
2025-02-18,3258.76,-0.015007208900952307
2025-02-19,3270.64,0.0036455584332690805
2025-02-20,3292.62,0.006720397231122943
2025-02-21,3283.29,-0.002833609708985496
2025-02-24,3303.63,0.006195005619363592
2025-02-25,3326.14,0.006813717032476241
2025-02-26,3276.0,-0.015074530837547395
2025-02-27,3232.65,-0.013232600732600686
2025-02-28,3200.48,-0.009951587706680254
2025-03-03,3145.73,-0.017106808978653243
2025-03-04,3241.63,0.03048576959878946
2025-03-05,3263.62,0.006783624287781009
2025-03-06,3207.7,-0.017134347748818834
2025-03-07,3166.88,-0.01272562895532614
2025-03-10,3200.81,0.010714015055827808
2025-03-11,3200.95,4.373892858366979e-05
2025-03-12,3183.97,-0.0053046751745575715
2025-03-13,3121.57,-0.019598174605916396
2025-03-14,3195.08,0.023549047434463954
2025-03-17,3245.19,0.015683488363358755
2025-03-18,3257.49,0.0037902249174932567
2025-03-19,3229.79,-0.008503479672999692
2025-03-20,3223.14,-0.0020589573935148042
2025-03-21,3191.61,-0.00978238612036697
2025-03-24,3178.66,-0.004057513292664239
2025-03-25,3164.62,-0.004416955572473902
2025-03-26,3146.31,-0.005785844745972657
2025-03-27,3083.99,-0.019807329856244338
2025-03-28,3025.65,-0.018917052260221223
2025-03-31,3013.36,-0.004061937104423818
2025-04-01,2964.43,-0.016237688162051733
2025-04-02,2926.39,-0.012832146483472306
2025-04-03,2859.58,-0.022830176428979
2025-04-04,2781.97,-0.027140349282062437
2025-04-07,2729.89,-0.01872054695054226
2025-04-08,2746.41,0.006051525885658382
2025-04-09,2650.69,-0.03485277143616572
2025-04-10,2764.28,0.04285299299427692
2025-04-11,2829.92,0.023745785521003704
2025-04-14,2819.69,-0.0036149431786057784
2025-04-15,2805.55,-0.005014735662430936
2025-04-16,2861.83,0.020060237743044995
2025-04-17,2865.32,0.0012194994112160185
2025-04-18,2872.77,0.0026000586321945907
2025-04-21,2922.46,0.017296894634795112
2025-04-22,2954.49,0.010959944704119096
2025-04-23,2943.23,-0.0038111484554016473
2025-04-24,2944.43,0.00040771533315431263
2025-04-25,3006.14,0.020958216021436993
2025-04-28,3034.3,0.009367494527866338
2025-04-29,2957.66,-0.025257884849883117
2025-04-30,2918.47,-0.013250339795649269
2025-05-02,2836.7,-0.028018105377132563
2025-05-05,2738.8,-0.034511932879754514
2025-05-06,2820.07,0.02967357966992834
2025-05-07,2833.09,0.004616906672529453
2025-05-08,2850.93,0.006297011390389962
2025-05-12,2930.17,0.02779443900762213
2025-05-13,2935.53,0.0018292454021440196
2025-05-14,2924.21,-0.003856203138785874
2025-05-15,2840.05,-0.028780422746656265
2025-05-16,2840.34,0.00010211087832967536
2025-05-19,2882.63,0.0148890625770155
2025-05-20,2823.42,-0.020540270516854364
2025-05-21,2809.58,-0.0049018566136105335
2025-05-22,2792.16,-0.006200214978751339
2025-05-23,2770.1,-0.007900693370007428
2025-05-26,2699.84,-0.025363705281397753
2025-05-27,2736.75,0.01367118051440075
2025-05-28,2785.2,0.017703480405590444
2025-05-29,2809.94,0.008882665517736754
2025-05-30,2828.83,0.006722563471106113
2025-06-02,2829.67,0.00029694255222123545
2025-06-03,2834.06,0.0015514176564757065
2025-06-04,2836.64,0.0009103547560742609
2025-06-05,2856.61,0.0070400191776187615
2025-06-06,2786.16,-0.0246620994815534
2025-06-09,2737.76,-0.017371579521635372
2025-06-10,2722.37,-0.005621383905090371
2025-06-11,2733.2,0.0039781513901488985
2025-06-13,2750.32,0.006263720181472365
2025-06-16,2737.83,-0.004541289740830234
2025-06-17,2788.94,0.018668069237315787
2025-06-18,2791.83,0.0010362359893005824
2025-06-19,2783.81,-0.002872667748394453
2025-06-20,2751.04,-0.011771636713712508
2025-06-23,2759.67,0.0031369954635338537
2025-06-24,2744.95,-0.005333971090746403
2025-06-25,2790.78,0.016696114683327767
2025-06-26,2797.27,0.002325514730648681
2025-06-27,2806.11,0.003160224075616558
2025-06-30,2847.38,0.014707192519181289
2025-07-01,2848.44,0.0003722720536072366
2025-07-02,2815.26,-0.011648481273960454
2025-07-03,2823.34,0.00287007239118231
2025-07-04,2801.65,-0.007682390360353342
2025-07-07,2756.14,-0.01624399907197549
2025-07-08,2755.58,-0.00020318271205377325
2025-07-09,2696.45,-0.02145827738624906
2025-07-10,2732.45,0.01335088727771705
2025-07-11,2642.02,-0.03309484162564724
2025-07-14,2714.14,0.027297295251360598
2025-07-15,2756.95,0.015772952021634756
2025-07-16,2777.16,0.007330564573169607
2025-07-17,2761.48,-0.005646055682783757
2025-07-18,2784.63,0.008383185827889328
2025-07-21,2821.78,0.013341090198697891
2025-07-22,2825.61,0.0013572992933537087
2025-07-23,2841.16,0.005503236469293293
2025-07-24,2807.69,-0.011780399555111232
2025-07-25,2772.39,-0.012572613073380645
2025-07-28,2730.98,-0.014936570973059338
2025-07-29,2758.28,0.009996411544573869
2025-07-30,2726.24,-0.011615934567919317
2025-07-31,2732.12,0.0021568167145959993
2025-08-01,2727.98,-0.0015153067947234478
2025-08-04,2773.85,0.016814639403514686
2025-08-05,2786.37,0.004513582205238231
2025-08-06,2764.62,-0.007805854929532008
2025-08-07,2876.43,0.040443171213403684
2025-08-08,2924.63,0.016756882663579553
2025-08-11,2964.15,0.013512820425147787
2025-08-12,2977.18,0.004395863907022068
2025-08-13,2973.02,-0.0013972954272163385
2025-08-14,2977.34,0.0014530679241984146
2025-08-15,3012.09,0.01167149200292883
2025-08-18,2951.26,-0.020195279689517842
2025-08-19,2965.66,0.004879271904203453
2025-08-20,2940.78,-0.008389363581799536
2025-08-21,2883.5,-0.019477825610892396
2025-08-22,2896.76,0.004598578116872032
2025-08-25,2887.24,-0.00328643035667453
2025-08-26,2885.87,-0.0004745016001440616
2025-08-27,2911.48,0.00887427361592863
2025-08-28,2912.72,0.0004259002294364489
2025-08-29,2899.38,-0.004579911560328331
2025-09-01,2886.97,-0.00428022542750528
2025-09-02,2845.39,-0.014402643602115739
2025-09-03,2867.55,0.007788036086441741
2025-09-04,2873.7,0.0021446879740543157
2025-09-05,2901.45,0.009656540348679465
2025-09-08,2921.62,0.0069516965655103125
2025-09-09,2935.96,0.004908235841759145
2025-09-10,2914.26,-0.007391108870693053
2025-09-11,2908.14,-0.0021000185295754203
2025-09-12,2839.73,-0.023523626785505458
2025-09-15,2809.85,-0.010522127103633094
2025-09-16,2802.77,-0.0025197074576934764
2025-09-17,2814.04,0.004021022060318957
2025-09-18,2793.58,-0.007270685562394297
2025-09-19,2748.06,-0.016294503826631
2025-09-22,2741.06,-0.0025472515156146347
2025-09-23,2758.65,0.006417225452927111
2025-09-24,2723.58,-0.012712739927138283
2025-09-25,2708.68,-0.005470740716263189
2025-09-26,2725.97,0.0063831829525820005
2025-09-29,2684.09,-0.015363338554716166
2025-09-30,2684.6,0.0001900085317556588
2025-10-01,2647.25,-0.013912687178723071
2025-10-02,2632.07,-0.005734252526206407
2025-10-03,2604.55,-0.010455648975901122
2025-10-06,2648.5,0.016874316100669917
2025-10-07,2668.6,0.007589201434774262
2025-10-08,2562.51,-0.039754927677433716
2025-10-09,2638.37,0.0296037869120509
2025-10-10,2588.56,-0.018879080644488844
2025-10-13,2576.38,-0.004705318787279311
2025-10-14,2541.49,-0.013542256965199395
2025-10-15,2545.22,0.0014676429968247806
2025-10-16,2607.78,0.024579407673992915
2025-10-17,2721.14,0.043469924610204824
2025-10-20,2744.83,0.008705910023005137
2025-10-21,2632.42,-0.04095335594554117
2025-10-22,2653.0,0.007817901398712968
2025-10-23,2570.67,-0.031032793064455277
2025-10-24,2543.93,-0.010401957466341538
2025-10-27,2476.79,-0.026392235635414485
2025-10-28,2495.09,0.007388595722689573
2025-10-29,2523.35,0.01132624474467847
2025-10-30,2557.48,0.013525670239958876
2025-10-31,2525.2,-0.012621799583965587
2025-11-01,2532.66,0.0029542214478062157
2025-11-03,2570.96,0.015122440438116502
2025-11-05,2546.62,-0.009467280704483994
2025-11-06,2542.7,-0.0015392952226873646
2025-11-07,2566.42,0.009328666378259465
2025-11-10,2558.6,-0.0030470460797531462
2025-11-11,2566.17,0.0029586492613149495
2025-11-12,2536.22,-0.011671089600455264
2025-11-13,2543.36,0.00281521319128486
2025-11-14,2525.68,-0.006951434323100303
2025-11-17,2510.64,-0.005954831966044738
2025-11-18,2563.07,0.020883121435172125
2025-11-19,2646.02,0.03236353279465631
2025-11-20,2628.31,-0.006693071103015091
2025-11-21,2685.03,0.02158040718180132
2025-11-24,2654.84,-0.011243822229174416
2025-11-25,2685.95,0.0117182203070616
2025-11-26,2668.38,-0.0065414471602225355
2025-11-27,2621.37,-0.017617430800710654
2025-11-28,2676.42,0.021000469220293194
2025-12-01,2686.93,0.003926887409300361
2025-12-02,2667.2,-0.007342952737882991
2025-12-03,2651.71,-0.00580758848230345
2025-12-04,2657.13,0.002043964083553673
2025-12-05,2711.3,0.020386657784903228
2025-12-08,2705.17,-0.002260908051488264
2025-12-09,2702.72,-0.0009056732109258281
2025-12-10,2720.66,0.006637757518351828
2025-12-11,2748.93,0.010390861041071009
2025-12-12,2739.49,-0.0034340634355912725
2025-12-15,2748.93,0.0034458968640147525
2025-12-16,2774.23,0.009203581029709751
2025-12-17,2759.73,-0.005226675509961365
2025-12-18,2753.07,-0.002413279559956849
2025-12-19,2743.09,-0.0036250440417424645
2025-12-22,2715.98,-0.009883015139860563
2025-12-23,2725.38,0.0034609975036634655
2025-12-24,2720.02,-0.0019666982218994322
2025-12-25,2714.12,-0.002169101697781617
2025-12-26,2754.89,0.015021443414440006
2025-12-29,2742.03,-0.004668062971661224
2025-12-30,2766.62,0.008967808521423759
2026-01-05,2757.09,-0.0034446364155539255
2026-01-06,2745.26,-0.0042907558331428675
2026-01-08,2718.62,-0.009703998892636845
2026-01-09,2724.85,0.0022916038284128692
2026-01-12,2701.93,-0.00841147219112981
2026-01-13,2696.92,-0.001854230124392453
2026-01-14,2702.69,0.002139477626329267
2026-01-15,2701.32,-0.0005069023824411101
2026-01-16,2733.75,0.012005241881746676
2026-01-19,2750.25,0.006035665294924497
2026-01-20,2738.07,-0.004428688301063466
2026-01-21,2770.53,0.01185506579451956
2026-01-22,2768.02,-0.0009059638408536186
2026-01-23,2777.29,0.003348964241587815
2026-01-26,2768.15,-0.0032909778957184166
2026-01-27,2781.39,0.004782977801058408
2026-01-28,2788.01,0.0023801049115730333
2026-01-29,2797.76,0.003497118016075884
2026-01-30,2782.74,-0.005368580578748894
2026-02-02,2768.56,-0.0050956970467955776
2026-02-03,2786.15,0.00635348339931241
2026-02-04,2776.31,-0.0035317552895572923
2026-02-05,2737.13,-0.0141122569165546
2026-02-06,2735.43,-0.0006210885124200427
2026-02-09,2725.64,-0.003578961991350549
2026-02-10,2717.04,-0.003155222259726087
2026-02-11,2757.75,0.014983217030297702
2026-02-12,2765.66,0.002868280300969861
2026-02-13,2776.34,0.0038616460447056244
2026-02-16,2782.6,0.0022547670674339937
2026-02-17,2765.33,-0.006206425645080116
2026-02-18,2779.08,0.004972281789153543
2026-02-19,2772.84,-0.0022453473811476776
2026-02-20,2780.6,0.0027985747464691624
2026-02-24,2777.35,-0.0011688124865136817
2026-02-25,2795.39,0.0064954002916448594
2026-02-26,2785.58,-0.00350934932156155
2026-02-27,2799.14,0.004867926966735769
2026-03-02,2835.65,0.013043291868216844
2026-03-03,2825.14,-0.0037063812529756213
2026-03-04,2809.78,-0.005436898702365078
2026-03-05,2825.0,0.005416794197410368
2026-03-06,2854.11,0.010304424778761145
2026-03-09,2888.68,0.012112357267239027
2026-03-10,2853.86,-0.01205394851627728
2026-03-11,2854.05,6.657649639429941e-05
2026-03-12,2872.08,0.00631733851894678
2026-03-13,2871.86,-7.659953761729454e-05
2026-03-16,2853.72,-0.006316463894479596
2026-03-17,2853.53,-6.657976255541875e-05
2026-03-18,2871.72,0.006374560631918991
2026-03-19,2868.99,-0.0009506497847979745
2026-03-20,2864.89,-0.0014290743432356923
2026-03-23,2833.43,-0.010981224410012258
2026-03-24,2837.9,0.0015775932350543531
2026-03-25,2840.14,0.0007893160435532565
2026-03-26,2822.84,-0.006091249022935341
2026-03-27,2789.61,-0.011771832622465284
2026-03-30,2800.69,0.003971881374098762
2026-03-31,2776.37,-0.00868357440487888
2026-04-01,2775.24,-0.0004070062707780542
2026-04-02,2774.41,-0.0002990732333059132
2026-04-03,2760.7,-0.004941591185152916
2026-04-06,2784.87,0.008755025899228386
2026-04-07,2797.24,0.004441859045485108
2026-04-08,2765.06,-0.011504196994179927
2026-04-09,2733.4,-0.011450022784315617
2026-04-10,2725.39,-0.0029304163313090825
2026-04-13,2722.69,-0.000990683902120315
2026-04-14,2725.51,0.0010357403891005923
2026-04-15,2740.45,0.005481542903896797
2026-04-16,2741.14,0.00025178346621901326
2026-04-17,2723.94,-0.006274761595540523
2026-04-20,2753.66,0.010910666167389893
2026-04-21,2757.7,0.0014671382814146483
2026-04-22,2761.64,0.001428726837582106
2026-04-23,2771.46,0.003555858113295063
2026-04-24,2733.0,-0.01387716221774804
2026-04-27,2732.41,-0.00021587998536409803
2026-04-28,2696.58,-0.013112966209317012
2026-04-29,2639.82,-0.02104888414213546
2026-04-30,2658.21,0.006966384071641185
2026-05-04,2620.82,-0.014065856346940131
2026-05-05,2644.37,0.00898573728832952
2026-05-06,2632.5,-0.004488781827051369
2026-05-07,2615.33,-0.006522317188983884
2026-05-08,2597.8,-0.006702787028787904
2026-05-11,2656.91,0.022753868658095255
2026-05-12,2689.96,0.012439262150392816
2026-05-13,2694.72,0.0017695430415320956
2026-05-14,2658.84,-0.013314926968293395
2026-05-15,2633.84,-0.009402596621082893
2026-05-18,2668.22,0.013053184703702536
2026-05-19,2663.48,-0.001776465209015643
2026-05-20,2640.32,-0.008695390992235708
2026-05-21,2664.29,0.0090784450369652
2026-05-22,2625.69,-0.014487912351883625
2026-05-25,2598.2,-0.010469628935632302
2026-05-26,2580.25,-0.006908629050881299
2026-05-27,2590.24,0.0038717178567966304
2026-05-28,2583.89,-0.0024515102847612047
2026-05-29,2565.61,-0.007074604569079823
2026-06-01,2570.04,0.0017266848819579295
2026-06-02,2620.39,0.01959113476833041
2026-06-03,2601.35,-0.007266093978377297
2026-06-04,2579.9,-0.008245718569204419
2026-06-05,2561.04,-0.007310360866700338
2026-06-08,2517.64,-0.016946240589760464
2026-06-09,2522.77,0.0020376225353904154
2026-06-10,2520.88,-0.0007491765004340456
2026-06-11,2515.33,-0.002201612135444786
2026-06-15,2542.84,0.010936934716319513
2026-06-16,2490.52,-0.020575419609570433
2026-06-17,2485.05,-0.002196328477586884
2026-06-18,2441.24,-0.017629423955252577
2026-06-19,2420.56,-0.00847110484835567
2026-06-22,2318.28,-0.04225468486631179
2026-06-23,2335.94,0.0076177165829838245
2026-06-24,2243.47,-0.039585777031944436
2026-06-25,2257.24,0.006137813298149775
2026-06-26,2285.61,0.0125684464212934
2026-06-29,2349.81,0.028088781550658082
2026-06-30,2348.15,-0.0007064400951565242
2026-07-01,2344.55,-0.0015331218193045393
2026-07-02,2256.06,-0.03774285044038317
2026-07-03,2242.84,-0.005859773232981258
2026-07-06,2194.14,-0.021713541759554977
2026-07-07,2190.39,-0.0017090978697804626
2026-07-08,2220.77,0.01386967617638879
2026-07-09,2186.75,-0.015319010973671277
2026-07-10,2145.65,-0.01879501543386297
2026-07-13,2164.42,0.008747931862139735
2026-07-14,2170.78,0.0029384315428613306
2026-07-15,2111.9,-0.027123890951639584
2026-07-16,2022.27,-0.04244045646100669
2026-07-17,1958.43,-0.0315684849204112
2026-07-20,2000.69,0.021578509316135808
2026-07-21,2078.78,0.03903153412072835
2026-07-22,2136.11,0.02757867595416541
2026-07-23,2144.97,0.004147726474760027
2026-07-24,2165.54,0.009589877713907402
2026-07-27,2216.92,0.023726183769406273
2026-07-28,2191.18,-0.01161070313768664
2026-07-29,2237.17,0.020988691024927286
2026-07-30,2209.84,-0.012216326877260042
2026-07-31,2226.36,0.007475654346015936
2026-08-03,2262.75,0.01634506548806125
2026-08-04,2269.23,0.0028637719588995303
2026-08-05,2301.65,0.014286784503994676
2026-08-06,2285.88,-0.006851606456237946
2026-08-07,2281.31,-0.001999230055821033
